Country,Electricity Cons.
Afghanistan,"5,500"
Albania,"7,400"
Algeria,"69,000"
American Samoa,200
Andorra,500
Angola,"15,000"
Antigua and Barbuda,300
Argentina,"127,000"
Armenia,"6,100"
Aruba,800
Australia,"237,000"
Austria,"69,000"
Azerbaijan,"25,000"
Bahamas,"2,000"
Bahrain,"31,000"
Bangladesh,"78,000"
Barbados,"1,000"
Belarus,"41,000"
Belgium,"83,000"
Belize,900
Benin,500
Bermuda,500
Bhutan,"3,300"
Bolivia,"9,700"
Bosnia and Herzegovina,"11,000"
Botswana,"3,400"
Brazil,"577,000"
British Virgin Islands,100
Brunei,"4,200"
Bulgaria,"30,000"
Burkina Faso,"2,600"
Burundi,400
Cabo Verde,300
Cambodia,"11,000"
Cameroon,"6,100"
Canada,"555,000"
Cayman Islands,700
Central African Republic,100
Chad,300
Chile,"81,000"
China,"7,806,000"
Colombia,"76,000"
Comoros,100
Congo,"2,200"
Cook Islands,38.81
Costa Rica,"11,000"
Croatia,"16,000"
Cuba,"16,000"
Curacao,900
Cyprus,"4,700"
Czech Republic,"62,000"
Denmark,"38,000"
Djibouti,500
Dominica,200
Dominican Republic,"15,000"
DR Congo,"8,900"
Ecuador,"27,000"
Egypt,"168,000"
El Salvador,"6,400"
Equatorial Guinea,"1,300"
Eritrea,400
Estonia,"8,800"
Ethiopia,"9,500"
Falkland Islands,18.32
Faroe Islands,400
Fiji,"1,000"
Finland,"84,000"
France,"447,000"
French Polynesia,600
Gabon,"2,400"
Gambia,200
Georgia,"13,000"
Germany,"512,000"
Ghana,"18,000"
Gibraltar,200
Greece,"52,000"
Greenland,600
Grenada,200
Guam,"1,700"
Guatemala,"13,000"
Guinea,"2,500"
Guinea-Bissau,39.06
Guyana,"1,000"
Haiti,400
Honduras,"8,200"
Hong Kong,"46,000"
Hungary,"44,000"
Iceland,"19,000"
India,"1,443,000"
Indonesia,"282,000"
Iran,"302,000"
Iraq,"53,000"
Ireland,"33,000"
Israel,"63,000"
Italy,"300,000"
Ivory Coast,"8,000"
Jamaica,"3,200"
Japan,"913,000"
Jersey,600
Jordan,"20,000"
Kazakhstan,"97,000"
Kenya,"9,100"
Kiribati,27.75
Kosovo,"5,600"
Kuwait,"65,000"
Kyrgyzstan,"12,000"
Laos,"6,100"
Latvia,"6,900"
Lebanon,"19,000"
Lesotho,900
Liberia,900
Libya,"27,000"
Liechtenstein,394
Lithuania,"12,000"
Luxembourg,"6,500"
Macau,"5,600"
Madagascar,"2,000"
Malawi,"1,000"
Malaysia,"151,000"
Maldives,600
Mali,"2,700"
Malta,"2,500"
Marshall Islands,562.4
Mauritania,"1,900"
Mauritius,"2,700"
Mexico,"301,000"
"Micronesia, Federated States of",125
Moldova,"9,700"
Mongolia,"7,800"
Montenegro,"2,900"
Montserrat,14.88
Morocco,"35,000"
Mozambique,"13,000"
Myanmar,"17,000"
Namibia,"3,400"
Nauru,32.55
Nepal,"7,200"
Netherlands,"113,000"
Netherlands Antilles,800
New Caledonia,"3,300"
New Zealand,"41,000"
Nicaragua,"4,900"
Niger,"1,300"
Nigeria,"27,000"
Niue,7.44
North Korea,"12,000"
North Macedonia,"6,700"
Northern Mariana Islands,200
Norway,"131,931"
Oman,"33,000"
Pakistan,"132,000"
Palestine,"6,200"
Panama,"9,500"
Papua New Guinea,"4,600"
Paraguay,"7,700"
Peru,"52,000"
Philippines,"98,000"
Poland,"158,000"
Portugal,"48,000"
Puerto Rico,"17,000"
Qatar,"45,000"
Romania,"51,000"
Russia,"996,000"
Rwanda,700
"Saint Helena, Ascension and Tristan da Cunha",2.79
Saint Kitts and Nevis,200
Saint Lucia,300
Saint Pierre and Miquelon,44.64
Saint Vincent and the Grenadines,200
Samoa,124
Sao Tome and Principe,80.91
Saudi Arabia,"329,000"
Senegal,"5,300"
Serbia,"31,000"
Seychelles,600
Sierra Leone,100
Singapore,"53,000"
Slovakia,"26,000"
Slovenia,"14,000"
Solomon Islands,98.26
Somalia,400
South Africa,"191,000"
South Korea,"568,000"
South Sudan,500
Spain,"234,000"
Sri Lanka,"15,000"
Sudan,"13,000"
Suriname,"2,400"
Swaziland,"1,500"
Sweden,"131,000"
Switzerland,"58,000"
Syria,"13,000"
Taiwan,"278,000"
Tajikistan,"16,000"
Tanzania,"7,200"
Thailand,"203,000"
Timor-Leste,400
Togo,"1,200"
Tonga,51.15
Trinidad and Tobago,"8,300"
Tunisia,"16,000"
Turkey,"284,000"
Turkmenistan,"15,000"
Turks and Caicos Islands,300
U.S. Pacific Islands,500
U.S. Virgin Islands,600
Uganda,"3,100"
Ukraine,"134,000"
United Arab Emirates,"129,000"
United Kingdom,"287,000"
United States,"3,979,000"
Uruguay,"14,000"
Uzbekistan,"58,000"
Vanuatu,65.19
Venezuela,"71,000"
Vietnam,"229,000"
Yemen,"2,900"
Zambia,"14,000"
Zimbabwe,"8,300"