Country,GDP
Albania,"23,032"
Algeria,"224,107"
Andorra,"3,692"
Angola,"93,796"
Antigua and Barbuda,"1,949"
Argentina,"621,833"
Armenia,"24,540"
Aruba,"3,827"
Australia,"1,687,713"
Austria,"526,182"
Azerbaijan,"77,392"
Bahamas,"13,876"
Bahrain,"44,994"
Bangladesh,"446,349"
Barbados,"6,220"
Belarus,"68,864"
Belgium,"627,511"
Belize,"3,218"
Benin,"19,940"
Bhutan,"2,686"
Bolivia,"46,796"
Bosnia and Herzegovina,"26,945"
Botswana,"20,756"
Brazil,"2,126,809"
Brunei,"15,153"
Bulgaria,"103,099"
Burkina Faso,"20,785"
Burundi,"3,190"
Cambodia,"30,943"
Cameroon,"49,262"
Canada,"2,117,805"
Cape Verde,"2,598"
Central African Republic,"2,760"
Chad,"12,596"
Chile,"344,400"
China,"17,700,899"
Colombia,"363,835"
Comoros,"1,364"
Congo,"14,407"
Costa Rica,"85,590"
Croatia,"80,185"
Cyprus,"32,032"
Czech Republic,"335,243"
Denmark,"420,800"
Djibouti,"3,873"
Dominica,697
Dominican Republic,"120,629"
DR Congo,"67,512"
East Timor,"2,023"
Ecuador,"118,686"
Egypt,"398,397"
El Salvador,"35,339"
Equatorial Guinea,"10,041"
Estonia,"41,799"
Eswatini,"4,648"
Ethiopia,"155,804"
Fiji,"5,511"
Finland,"305,689"
France,"3,049,016"
Gabon,"19,319"
Gambia,"2,388"
Georgia,"30,023"
Germany,"4,429,838"
Ghana,"76,628"
Greece,"242,385"
Grenada,"1,306"
Guatemala,"102,765"
Guinea,"23,205"
Guinea-Bissau,"1,991"
Guyana,"16,329"
Haiti,"25,986"
Honduras,"33,992"
Hong Kong,"385,546"
Hungary,"203,829"
Iceland,"30,570"
India,"3,732,224"
Indonesia,"1,417,387"
Iran,"366,438"
Iraq,"297,695"
Ireland,"589,569"
Israel,"521,688"
Italy,"2,186,082"
Ivory Coast,"79,430"
Jamaica,"18,761"
Japan,"4,230,862"
Jordan,"50,022"
Kazakhstan,"259,292"
Kenya,"112,749"
Kiribati,246
Kosovo,"10,469"
Kuwait,"159,687"
Kyrgyzstan,"12,681"
Laos,"14,244"
Latvia,"46,668"
Lesotho,"2,373"
Liberia,"4,347"
Libya,"40,194"
Lithuania,"79,427"
Luxembourg,"89,095"
Macau,"38,480"
Madagascar,"15,763"
Malawi,"13,176"
Malaysia,"430,895"
Maldives,"6,977"
Mali,"21,309"
Malta,"20,311"
Marshall Islands,277
Mauritania,"10,357"
Mauritius,"14,819"
Mexico,"1,811,468"
Micronesia,458
Moldova,"16,000"
Mongolia,"18,782"
Montenegro,"7,058"
Morocco,"147,343"
Mozambique,"21,936"
Myanmar,"74,861"
Namibia,"12,647"
Nauru,150
Nepal,"41,339"
Netherlands,"1,092,748"
New Zealand,"249,415"
Nicaragua,"17,353"
Niger,"17,073"
Nigeria,"390,002"
North Macedonia,"15,801"
Norway,"546,768"
Oman,"108,282"
Pakistan,"340,636"
Palau,267
Palestine,"18,109"
Panama,"82,348"
Papua New Guinea,"31,692"
Paraguay,"44,142"
Peru,"264,636"
Philippines,"435,675"
Poland,"842,172"
Portugal,"276,432"
Puerto Rico,"117,515"
Qatar,"235,500"
Romania,"350,414"
Russia,"1,862,470"
Rwanda,"13,927"
Saint Kitts and Nevis,"1,069"
Saint Lucia,"2,469"
Saint Vincent and the Grenadines,"1,039"
Samoa,939
San Marino,"1,998"
São Tomé and Príncipe,674
Saudi Arabia,"1,069,437"
Senegal,"31,141"
Serbia,"75,015"
Seychelles,"2,085"
Sierra Leone,"3,519"
Singapore,"497,347"
Slovakia,"133,044"
Slovenia,"68,394"
Solomon Islands,"1,690"
Somalia,"11,515"
South Africa,"380,906"
South Korea,"1,709,232"
South Sudan,"6,267"
Spain,"1,582,054"
Sudan,"25,569"
Suriname,"3,539"
Sweden,"597,110"
Switzerland,"905,684"
Taiwan,"751,930"
Tajikistan,"11,816"
Tanzania,"84,033"
Thailand,"512,193"
Togo,"9,111"
Tonga,547
Trinidad and Tobago,"27,887"
Tunisia,"51,271"
Turkey,"1,154,600"
Turkmenistan,"81,822"
Tuvalu,63
Uganda,"52,390"
Ukraine,"173,413"
United Arab Emirates,"509,179"
United Kingdom,"3,332,059"
United States,"26,949,643"
Uruguay,"76,244"
Uzbekistan,"90,392"
Vanuatu,"1,166"
Venezuela,"92,210"
Vietnam,"433,356"
Yemen,"21,045"
Zambia,"29,536"
Zimbabwe,"32,424"