Country,Households
Afghanistan,"4,092,477"
Albania,"862,512"
Angola,"6,463,847"
Argentina,"13,925,275"
Armenia,"837,896"
Aruba,"38,855"
Australia,"10,220,186"
Austria,"3,933,516"
Azerbaijan,"2,217,398"
Bahamas,"114,679"
Bangladesh,"37,957,746"
Belarus,"3,789,941"
Belgium,"4,883,743"
Benin,"2,335,719"
Bermuda,"28,314"
Bolivia,"3,295,144"
Botswana,"673,860"
Brazil,"64,124,398"
Bulgaria,"2,973,737"
Burkina Faso,"3,630,745"
Burundi,"2,548,469"
Cambodia,"3,315,050"
Cameroon,"4,877,120"
Canada,"15,618,491"
Central African Republic,"1,148,086"
Chad,"2,811,841"
Chile,"5,440,715"
China,"522,689,264"
"China, Hong Kong SAR","2,646,107"
"China, Macao SAR","227,031"
Colombia,"14,282,545"
Comoros,"141,171"
Congo,"1,281,072"
Costa Rica,"1,476,628"
Croatia,"1,451,732"
Cuba,"3,568,550"
Cyprus,"318,823"
Czech Republic,"4,465,680"
Dominican Republic,"3,004,226"
DR Congo,"19,225,670"
East Timor,"246,665"
Ecuador,"4,659,382"
Egypt,"24,496,076"
El Salvador,"1,662,356"
Estonia,"578,440"
Ethiopia,"21,850,103"
Fiji,"194,497"
Finland,"2,652,262"
France,"30,217,950"
Gabon,"531,230"
Gambia,"283,790"
Georgia,"1,113,542"
Germany,"40,624,971"
Ghana,"8,862,356"
Greece,"4,394,506"
Guadeloupe,"172,304"
Guatemala,"3,507,977"
Guinea,"2,009,276"
Guyana,"196,290"
Haiti,"2,735,164"
Honduras,"2,082,686"
Hungary,"3,753,000"
India,"299,727,860"
Indonesia,"69,855,344"
Iran,"24,056,109"
Iraq,"5,212,262"
Ireland,"1,799,221"
Isle of Man,"36,478"
Israel,"2,953,648"
Italy,"25,020,120"
Ivory Coast,"5,197,095"
Jamaica,"893,225"
Japan,"55,704,949"
Jordan,"2,291,955"
Kazakhstan,"5,381,052"
Kenya,"13,071,338"
North Korea,"6,502,416"
South Korea,"23,650,555"
Kyrgyzstan,"1,565,200"
Laos,"1,254,263"
Latvia,"736,370"
Lesotho,"600,072"
Liberia,"923,685"
Liechtenstein,"16,700"
Lithuania,"1,204,383"
Luxembourg,"259,519"
Madagascar,"5,304,084"
Malawi,"4,091,853"
Malaysia,"7,176,812"
Maldives,"70,952"
Mali,"3,484,826"
Malta,"180,375"
Mauritius,"364,285"
Mexico,"34,167,462"
Moldova,"914,026"
Mongolia,"774,771"
Montenegro,"193,488"
Morocco,"6,890,065"
Mozambique,"6,885,971"
Myanmar,"12,978,359"
Namibia,"590,931"
Nepal,"7,075,702"
Netherlands,"7,874,258"
New Zealand,"1,906,474"
Nicaragua,"1,326,800"
Niger,"3,920,330"
Nigeria,"42,057,041"
Norway,"2,426,071"
Oman,"554,430"
Pakistan,"32,462,785"
Panama,"1,165,778"
Papua New Guinea,"1,645,457"
Paraguay,"1,565,626"
Peru,"8,695,193"
Philippines,"25,893,157"
Poland,"13,666,831"
Portugal,"3,876,822"
Puerto Rico,"1,195,915"
Romania,"6,709,224"
Russia,"56,771,478"
Rwanda,"2,973,056"
Samoa,"29,995"
Senegal,"1,928,689"
Serbia,"2,405,804"
Sierra Leone,"1,373,151"
Singapore,"1,727,455"
Slovakia,"1,948,989"
Slovenia,"851,149"
South Africa,"17,733,119"
South Sudan,"2,227,637"
Spain,"17,565,288"
Sudan,"7,691,174"
Suriname,"149,741"
Swaziland,"239,860"
Sweden,"4,776,239"
Switzerland,"3,901,112"
Tajikistan,"1,485,317"
Tanzania,"11,880,255"
Thailand,"18,042,640"
Togo,"1,693,139"
Trinidad and Tobago,"415,308"
Turkey,"38,400,610"
Uganda,"9,170,821"
Ukraine,"16,972,715"
United Kingdom,"29,486,179"
United States,"132,736,055"
Uruguay,"1,269,537"
Uzbekistan,"6,586,983"
Venezuela,"6,565,128"
Vietnam,"25,503,951"
Yemen,"4,469,863"
Zambia,"3,485,901"
Zimbabwe,"3,795,226"