Country,Active Military
Afghanistan,"250,000"
Albania,"8,000"
Algeria,"130,000"
Angola,"107,000"
Antigua and Barbuda,180
Argentina,"72,100"
Armenia,"44,800"
Australia,"58,600"
Austria,"22,050"
Azerbaijan,"126,950"
Bahrain,"8,200"
Bangladesh,"163,050"
Barbados,610
Belarus,"45,350"
Belgium,"26,300"
Belize,"1,500"
Benin,"7,250"
Bolivia,"34,100"
Bosnia and Herzegovina,"10,500"
Botswana,"9,000"
Brazil,"366,500"
Brunei,"7,200"
Bulgaria,"36,950"
Burkina Faso,"11,200"
Burundi,"30,050"
Cambodia,"124,300"
Cameroon,"25,400"
Canada,"67,400"
Cape Verde,"1,200"
Central African Republic,"9,150"
Chad,"33,250"
Chile,"77,200"
China,"2,185,000"
Colombia,"293,200"
Congo,"10,000"
Costa Rica,0
Croatia,"15,200"
Cuba,"49,000"
Cyprus,"15,000"
Czech Republic,"21,750"
Denmark,"14,500"
Djibouti,"10,450"
Dominican Republic,"56,050"
DR Congo,"134,250"
East Timor,"2,280"
Ecuador,"40,250"
Egypt,"438,500"
El Salvador,"24,500"
Equatorial Guinea,"1,450"
Eritrea,"201,750"
Estonia,"7,100"
Ethiopia,"138,000"
Fiji,"3,500"
Finland,"23,800"
France,"208,750"
Gabon,"4,700"
Georgia (country),"20,650"
Germany,"183,500"
Ghana,"15,500"
Greece,"142,700"
Guatemala,"18,050"
Guinea,"9,700"
Guinea-Bissau,"4,450"
Guyana,"3,400"
Haiti,150
Honduras,"14,950"
Hungary,"27,800"
Iceland,0
India,"1,455,550"
Indonesia,"395,500"
Iran,"610,000"
Iraq,"193,000"
Ireland,"9,500"
Israel,"169,500"
Italy,"165,500"
Ivory Coast,"27,400"
Jamaica,"3,950"
Japan,"247,150"
Jordan,"100,500"
Kazakhstan,"39,000"
Kenya,"24,100"
Kosovo,"5,000"
Kuwait,"17,500"
Kyrgyzstan,"10,900"
Laos,"29,100"
Latvia,"6,210"
Lebanon,"60,000"
Lesotho,"2,000"
Liberia,"2,010"
Libya,0
Lithuania,"19,850"
Luxembourg,900
Madagascar,"13,500"
Malawi,"10,700"
Malaysia,"113,000"
Mali,"13,000"
Malta,"1,950"
Mauritania,"15,850"
Mauritius,0
Mexico,"216,000"
Moldova,"5,150"
Mongolia,"9,700"
Montenegro,"2,350"
Morocco,"195,800"
Mozambique,"11,200"
Myanmar,"406,000"
Namibia,"9,900"
Nepal,"96,600"
Netherlands,"35,400"
New Zealand,"9,000"
Nicaragua,"12,000"
Niger,"5,300"
Nigeria,"143,000"
North Korea,"1,280,000"
North Macedonia,"8,000"
Norway,"23,250"
Oman,"42,600"
Pakistan,"654,000"
Panama,0
Papua New Guinea,"3,600"
Paraguay,"13,950"
Peru,"81,000"
Philippines,"143,100"
Poland,"114,050"
Portugal,"27,250"
Qatar,"16,500"
Romania,"69,300"
Russia,"1,320,000"
Rwanda,"33,000"
Saudi Arabia,"227,000"
Senegal,"13,600"
Serbia,"28,150"
Seychelles,420
Sierra Leone,"8,500"
Singapore,"51,000"
Slovakia,"15,850"
Slovenia,"7,250"
Somalia,"19,800"
South Africa,"65,350"
South Korea,"599,000"
South Sudan,"185,000"
Spain,"120,350"
Sri Lanka,"255,000"
State of Palestine,0
Sudan,"104,300"
Suriname,"1,840"
Sweden,"29,750"
Switzerland,"19,550"
Syria,"169,000"
Taiwan,"163,000"
Tajikistan,"8,800"
Tanzania,"27,000"
Thailand,"360,850"
The Bahamas,"1,300"
The Gambia,800
Togo,"8,550"
Transnistria,"4,500"
Trinidad and Tobago,"4,050"
Tunisia,"35,800"
Turkey,"355,200"
Turkmenistan,"36,500"
Uganda,"45,000"
Ukraine,"209,000"
United Arab Emirates,"63,000"
United Kingdom,"196,453"
United States,"1,328,000"
Uruguay,"21,000"
Uzbekistan,"48,000"
Vanuatu,0
Vatican City,0
Venezuela,"123,000"
Vietnam,"482,000"
Yemen,"40,000"
Zambia,"15,100"
Zimbabwe,"29,000"