Country,Population
Abkhazia,"244,236"
Afghanistan,"34,262,840"
Åland (Finland),"30,547"
Albania,"2,761,785"
Algeria,"45,400,000"
American Samoa (US),"49,710"
Andorra,"85,101"
Angola,"34,094,077"
Anguilla (UK),"15,701"
Antigua and Barbuda,"100,772"
Argentina,"46,654,581"
Armenia,"2,981,200"
Aruba (Netherlands),"106,739"
Australia,"26,461,912"
Austria,"9,154,514"
Azerbaijan,"10,151,517"
Bahamas,"397,360"
Bahrain,"1,577,059"
Bangladesh,"169,828,911"
Barbados,"267,800"
Belarus,"9,200,617"
Belgium,"11,810,018"
Belize,"441,471"
Benin,"12,606,998"
Bermuda (UK),"64,055"
Bhutan,"770,276"
Bolivia,"12,006,031"
Bosnia and Herzegovina,"3,277,082"
Botswana,"2,410,338"
Brazil,"203,080,756"
British Virgin Islands (UK),"31,538"
Brunei,"445,400"
Bulgaria,"6,447,710"
Burkina Faso,"22,752,315"
Burundi,"12,837,740"
Cambodia,"17,091,464"
Cameroon,"28,088,845"
Canada,"40,528,396"
Cape Verde,"491,233"
Cayman Islands (UK),"71,105"
Central African Republic,"5,633,412"
Chad,"17,414,717"
Chile,"19,960,889"
China,"1,409,670,000"
Christmas Island (Australia),"1,692"
Cocos (Keeling) Islands (Australia),593
Colombia,"52,215,503"
Comoros,"758,316"
Cook Islands,"15,040"
Costa Rica,"5,262,225"
Croatia,"3,855,641"
Cuba,"11,089,511"
Curacao (Netherlands),"148,925"
Cyprus,"918,100"
Czech Republic,"10,882,235"
DR Congo,"95,370,000"
Denmark,"5,961,249"
Djibouti,"1,001,454"
Dominica,"67,408"
Dominican Republic,"10,760,028"
East Timor,"1,354,662"
Ecuador,"16,938,986"
Egypt,"104,462,545"
El Salvador,"6,884,888"
Equatorial Guinea,"1,558,160"
Eritrea,"3,748,902"
Estonia,"1,366,491"
Eswatini,"1,223,362"
Ethiopia,"107,334,000"
Falkland Islands (UK),"3,662"
Faroe Islands (Denmark),"54,547"
Fiji,"893,468"
Finland,"5,574,011"
France,"68,373,000"
French Polynesia (France),"279,890"
Gabon,"2,233,272"
Gambia,"2,417,471"
Georgia,"3,736,400"
Germany,"84,607,016"
Ghana,"30,832,019"
Gibraltar (UK),"34,003"
Greece,"10,413,982"
Greenland (Denmark),"56,865"
Grenada,"112,579"
Guam (US),"153,836"
Guatemala,"17,602,431"
Guernsey (UK),"64,091"
Guinea,"13,261,638"
Guinea-Bissau,"1,781,308"
Guyana,"743,699"
Haiti,"11,743,017"
Honduras,"9,745,149"
Hong Kong (China),"7,498,100"
Hungary,"9,597,085"
Iceland,"396,960"
India,"1,392,329,000"
Indonesia,"279,118,866"
Iran,"84,055,000"
Iraq,"43,324,000"
Ireland,"5,281,600"
Isle of Man (UK),"84,069"
Israel,"9,842,000"
Italy,"58,919,345"
Ivory Coast,"29,389,150"
Jamaica,"2,825,544"
Japan,"124,090,000"
Jersey (UK),"103,267"
Jordan,"11,302,000"
Kazakhstan,"20,033,546"
Kenya,"51,526,000"
Kiribati,"120,740"
Kosovo,"1,762,220"
Kuwait,"4,670,713"
Kyrgyzstan,"7,100,000"
Laos,"7,443,000"
Latvia,"1,874,000"
Lebanon,"5,490,000"
Lesotho,"2,306,000"
Liberia,"5,248,621"
Libya,"6,931,061"
Liechtenstein,"39,724"
Lithuania,"2,886,515"
Luxembourg,"660,809"
Macau (China),"681,300"
Madagascar,"26,923,353"
Malawi,"21,507,723"
Malaysia,"33,379,500"
Maldives,"382,751"
Mali,"22,395,489"
Malta,"519,562"
Marshall Islands,"42,418"
Mauritania,"4,475,683"
Mauritius,"1,261,041"
Mexico,"129,406,736"
Micronesia,"105,754"
Moldova,"2,512,758"
Monaco,"39,050"
Mongolia,"3,457,548"
Montenegro,"616,695"
Montserrat (UK),"4,433"
Morocco,"37,022,000"
Mozambique,"32,419,747"
Myanmar,"55,770,232"
Namibia,"2,641,857"
Nauru,"11,680"
Nepal,"29,164,578"
Netherlands,"17,947,684"
New Caledonia (France),"268,510"
New Zealand,"5,269,200"
Nicaragua,"6,733,763"
Niger,"25,369,415"
Nigeria,"216,783,381"
Niue (NZ),"1,689"
Norfolk Island (Australia),"2,188"
North Korea,"25,660,000"
North Macedonia,"1,832,696"
Northern Cyprus,"382,836"
Northern Mariana Islands (US),"47,329"
Norway,"5,533,582"
Oman,"5,113,071"
Pakistan,"241,499,431"
Palau,"16,733"
Palestine,"5,483,450"
Panama,"4,337,406"
Papua New Guinea,"11,781,559"
Paraguay,"6,109,644"
Peru,"33,396,698"
Philippines,"112,892,781"
Pitcairn Islands (UK),47
Poland,"37,653,000"
Portugal,"10,467,366"
Puerto Rico (US),"3,205,691"
Qatar,"2,656,032"
Congo,"6,142,180"
Romania,"19,051,562"
Russia,"146,424,729"
Rwanda,"13,246,394"
Saint Barthélemy (France),"10,585"
"Saint Helena, Ascension and Tristan da Cunha (UK)","5,651"
Saint Kitts and Nevis,"47,195"
Saint Lucia,"178,696"
Saint Martin (France),"32,358"
Saint Pierre and Miquelon (France),"6,092"
Saint Vincent and the Grenadines,"110,872"
Samoa,"205,557"
San Marino,"33,889"
São Tomé and Príncipe,"214,610"
Saudi Arabia,"32,175,224"
Senegal,"18,275,743"
Serbia,"6,641,197"
Seychelles,"100,447"
Sierra Leone,"8,494,260"
Singapore,"5,917,600"
Sint Maarten (Netherlands),"42,938"
Slovakia,"5,426,468"
Slovenia,"2,123,103"
Solomon Islands,"734,887"
Somalia,"18,143,379"
South Africa,"62,027,503"
South Korea,"51,439,038"
South Ossetia,"56,520"
South Sudan,"14,746,494"
Spain,"48,446,594"
Sri Lanka,"22,037,000"
Sudan,"41,984,500"
Suriname,"616,500"
Sweden,"10,555,448"
Switzerland,"8,931,306"
Syria,"22,923,000"
Taiwan,"23,420,442"
Tajikistan,"10,077,600"
Tanzania,"61,741,120"
Thailand,"68,263,022"
Togo,"8,095,498"
Tokelau (NZ),"1,647"
Tonga,"100,179"
Transnistria,"360,938"
Trinidad and Tobago,"1,367,510"
Tunisia,"11,850,232"
Turkey,"85,372,377"
Turkmenistan,"7,057,841"
Turks and Caicos Islands (UK),"46,131"
Tuvalu,"10,679"
U.S. Virgin Islands (US),"87,146"
Uganda,"45,562,000"
Ukraine,"36,700,000"
United Arab Emirates,"9,282,410"
United Kingdom,"67,026,292"
United States,"335,893,238"
Uruguay,"3,444,263"
Uzbekistan,"36,599,764"
Vanuatu,"301,295"
Vatican City,764
Venezuela,"28,302,000"
Vietnam,"100,300,000"
Wallis and Futuna (France),"11,369"
Yemen,"31,888,698"
Zambia,"19,610,769"
Zimbabwe,"15,178,979"