Country,Prison Pop
Afghanistan,"14,000"
Albania,"4,807"
Algeria,"94,749"
American Samoa,301
Andorra,51
Angola,"24,966"
Anguilla,36
Antigua and Barbuda,233
Argentina,"114,074"
Armenia,"2,128"
Aruba,254
Australia,"41,155"
Austria,"8,798"
Azerbaijan,"22,334"
Bahamas,"1,617"
Bahrain,"3,485"
Bangladesh,"81,156"
Barbados,743
Belarus,"32,556"
Belgium,"11,326"
Belize,"1,199"
Benin,"14,190"
Bermuda,124
Bhutan,"1,119"
Bolivia,"20,864"
Bosnia and Herzegovina,"1,813"
Botswana,"3,971"
Brazil,"835,643"
British Virgin Islands,114
Brunei,841
Bulgaria,"6,386"
Burkina Faso,"8,369"
Burundi,"12,188"
Cambodia,"38,050"
Cameroon,"32,003"
Canada,"32,261"
Cape Verde,"1,549"
Cayman Islands,189
Central African Republic,"1,990"
Chad,"8,700"
Chile,"49,845"
China,"1,690,000"
Colombia,"100,639"
Comoros,387
Congo,"1,388"
Cook Islands,47
Costa Rica,"15,516"
Croatia,"3,955"
Cuba,"90,000"
Curaçao,429
Cyprus,947
Czech Republic,"19,747"
Denmark,"4,248"
Djibouti,662
Dominica,237
Dominican Republic *,"25,383"
DR Congo,"22,820"
East Timor,763
Ecuador,"30,540"
Egypt,"120,000"
El Salvador,"71,000"
England and Wales,"85,851"
Equatorial Guinea,500
Estonia,"1,994"
Eswatini,"3,405"
Ethiopia,"110,000"
Faroe Islands,12
Fiji,"2,379"
Finland,"2,827"
France,"73,080"
French Guiana,907
French Polynesia,539
Gabon,"5,226"
Gambia,543
Georgia,"9,626"
Germany,"56,557"
Ghana,"15,185"
Gibraltar,92
Greece,"10,723"
Greenland,136
Grenada,379
Guadeloupe,851
Guam,700
Guatemala,"24,031"
Guernsey,74
Guinea,"4,375"
Guinea-Bissau,596
Guyana,"2,156"
Haiti,"11,253"
Honduras,"19,619"
Hong Kong,"7,751"
Hungary,"18,800"
Iceland,133
India,"554,034"
Indonesia,"275,518"
Iran,"189,000"
Iraq,"73,715"
Ireland,"4,702"
Isle of Man,90
Israel,"14,961"
Italy,"57,230"
Ivory Coast,"25,121"
Jamaica,"3,559"
Japan,"45,714"
Jersey,146
Jordan,"19,140"
Kazakhstan,"35,228"
Kenya,"58,887"
Kiribati,129
Kosovo,"1,642"
Kuwait,"4,500"
Kyrgyzstan,"7,633"
Laos,"11,885"
Latvia,"3,169"
Lebanon,"9,500"
Lesotho,"2,216"
Liberia,"3,000"
Libya,"12,300"
Liechtenstein,12
Lithuania,"4,955"
Luxembourg,685
Macau,"1,323"
Madagascar,"28,830"
Malawi,"16,366"
Malaysia,"72,437"
Maldives,"1,700"
Mali,"8,670"
Malta,589
Marshall Islands,35
Martinique,976
Mauritania,"2,826"
Mauritius,"2,567"
Mayotte,600
Mexico,"232,230"
Micronesia,132
Moldova,"6,084"
Monaco,14
Mongolia,"5,832"
Montenegro,948
Morocco,"97,204"
Mozambique,"20,517"
Myanmar,"100,324"
Namibia,"8,900"
Nauru,14
Nepal,"25,400"
Netherlands,"11,447"
New Caledonia,572
New Zealand,"8,376"
Nicaragua,"20,918"
Niger,"9,187"
Nigeria,"77,684"
North Macedonia,"2,362"
Northern Ireland ,"1,900"
Northern Mariana Islands,153
Norway,"2,975"
Oman,"1,960"
Pakistan,"87,712"
Palau,77
Panama,"22,239"
Papua New Guinea,"5,087"
Paraguay,"17,065"
Peru,"90,516"
Philippines,"180,826"
Poland,"78,102"
Portugal,"12,623"
Puerto Rico,"7,176"
Qatar,"1,644"
Republika Srpska,554
Réunion,"1,249"
Romania,"23,079"
Russia,"433,006"
Rwanda,"84,710"
Saint Kitts and Nevis,160
Saint Lucia,514
Saint Vincent and the Grenadines,385
Samoa,358
San Marino,9
São Tomé and Príncipe,260
Saudi Arabia,"68,056"
Scotland,"7,775"
Senegal,"12,430"
Serbia,"10,557"
Seychelles,362
Sierra Leone,"4,801"
Singapore,"9,536"
Sint Maarten,87
Slovakia,"10,164"
Slovenia,"1,490"
Solomon Islands,500
South Africa,"151,755"
South Korea,"52,940"
South Sudan,"8,400"
Spain,"55,095"
Sri Lanka,"27,634"
Sudan,"21,000"
Suriname,"1,000"
Sweden,"7,713"
Switzerland,"6,445"
Syria,"10,599"
Taiwan,"54,946"
Tajikistan,"14,000"
Tanzania,"32,671"
Thailand,"262,319"
Togo,"4,990"
Tonga,176
Trinidad and Tobago,"3,802"
Tunisia,"23,484"
Turkey,"336,315"
Turkmenistan,"35,000"
Tuvalu,11
U.S. Virgin Islands,359
Uganda,"75,205"
Ukraine,"48,038"
United Arab Emirates,"9,826"
United States,"1,767,200"
Uruguay,"14,347"
Uzbekistan,"29,000"
Vanuatu,195
Venezuela,"67,200"
Vietnam,"125,697"
Yemen,"9,719"
Zambia,"24,000"
Zimbabwe,"22,114"