Country,Road Network
United States,"6,832,000"
India,"6,700,000"
China,"5,350,000"
Brazil,"2,000,000"
Russia,"1,538,875"
Japan,"1,218,772"
France,"1,053,215"
Canada,"1,042,300"
Australia,"873,573"
Indonesia,"850,000"
Mexico,"817,596"
South Africa,"750,000"
Thailand,"702,989"
Spain,"683,175"
Germany,"644,480"
Sweden,"573,134"
Vietnam,"570,448"
Italy,"487,700"
Finland,"454,000"
Turkey,"438,633"
Poland,"429,800"
United Kingdom,"424,129"
Bangladesh,"369,105"
Argentina,"281,290"
Pakistan,"264,175"
Malaysia,"238,823"
Iran,"223,485"
Saudi Arabia,"221,372"
Philippines,"216,387"
Hungary,"210,791"
Uzbekistan,"209,496"
Colombia,"204,389"
Nigeria,"195,000"
Kenya,"177,800"
Peru,"175,589"
Ukraine,"169,694"
Myanmar,"157,000"
DR Congo,"152,373"
Uganda,"146,000"
Algeria,"141,000"
Mali,"139,107"
Netherlands,"141,820"
Austria,"126,400"
Ethiopia,"120,171"
Belgium,"118,414"
Greece,"117,000"
Sri Lanka,"114,093"
Mongolia,"113,200"
South Korea,"110,714"
Ghana,"109,515"
Ireland,"99,830"
Zimbabwe,"97,267"
New Zealand,"96,817"
Kazakhstan,"95,409"
Tanzania,"87,581"
Romania,"86,494"
Chile,"85,983"
Lithuania,"84,166"
Switzerland,"84,114"
Nepal,"80,078"
Azerbaijan,"77,824"
Uruguay,"77,732"
Denmark,"73,574"
Zambia,"67,671"
Morocco,"57,334"
Czech Republic,"55,744"
Cambodia,"55,000"
Ecuador,"43,216"
Taiwan,"41,475"
Chad,"40,000"
Laos,"39,586"
Slovakia,"38,985"
Slovenia,"38,985"
Libya,"37,000"
Afghanistan,"34,903"
Kyrgyzstan,"34,000"
Botswana,"31,747"
Madagascar,"31,640"
Mozambique,"31,083"
Sudan,"31,000"
Tajikistan,"30,000"
Croatia,"26,958"
Puerto Rico,"26,862"
North Korea,"25,554"
Central African Republic,"24,000"
Nicaragua,"23,897"
Congo,"23,324"
Bosnia and Herzegovina,"22,926"
Jamaica,"22,121"
Lebanon,"21,705"
Georgia,"20,295"
Tunisia,"19,750"
Cyprus,"19,901"
Dominican Republic,"19,705"
Israel,"19,555"
Bulgaria,"19,512"
Niger,"18,949"
Guatemala,"17,621"
Senegal,"16,665"
Paraguay,"16,630"
Benin,"16,000"
Eritrea,"16,000"
Malawi,"15,452"
Burkina Faso,"15,304"
Somalia,"15,000"
Honduras,"14,742"
Gabon,"14,300"
North Macedonia,"14,182"
Iceland,"12,898"
Burundi,"12,322"
Mauritania,"12,253"
Bhutan,"12,205"
Togo,"11,734"
Sierra Leone,"11,700"
Liberia,"10,600"
Moldova,"9,352"
Papua New Guinea,"9,349"
El Salvador,"9,012"
Montenegro,"7,762"
Armenia,"7,700"
Jordan,"7,203"
Qatar,"7,039"
East Timor,"6,040"
Lesotho,"5,940"
Kuwait,"5,749"
New Caledonia,"5,622"
Costa Rica,"5,035"
Rwanda,"4,700"
West Bank,"4,686"
Guinea-Bissau,"4,400"
Suriname,"4,304"
Haiti,"4,266"
Bahrain,"4,122"
United Arab Emirates,"4,080"
Guyana,"3,995"
Albania,"3,945"
Eswatini,"3,769"
Singapore,"3,500"
Fiji,"3,440"
Belize,"3,281"
Gambia,"2,977"
Brunei,"2,976"
Djibouti,"2,893"
Equatorial Guinea,"2,880"
Luxembourg,"2,875"
Bahamas,"2,700"
French Polynesia,"2,590"
Mauritius,"2,428"
Malta,"2,254"
Hong Kong,"2,107"
Marshall Islands,"2,028"
Barbados,"1,700"
Dominica,"1,512"
Solomon Islands,"1,390"
Cape Verde,"1,350"
São Tomé and Príncipe,"1,300"
U.S. Virgin Islands,"1,260"
Saint Lucia,"1,210"
Antigua and Barbuda *,"1,170"
Samoa,"1,150"
Grenada,"1,127"
Isle of Man,"1,107"
Vanuatu,"1,070"
Guam,"1,045"
Faroe Islands,960
Comoros,880
Cayman Islands,785
Tonga,680
Kiribati,670
Liechtenstein,630
Jersey,576
Curaçao,550
Northern Mariana Islands,536
Seychelles,526
Greenland,500
Bermuda,447
Falkland Islands,440
Macau,428
Saint Kitts and Nevis,383
Andorra,320
Cook Islands,295
San Marino,292
American Samoa,241
Niue,234
British Virgin Islands,200
Saint Helena,198
Anguilla,175
Christmas Island,140
Turks and Caicos Islands,121
Saint Pierre and Miquelon,117
Maldives,93
Norfolk Island,80
Monaco,77
Sint Maarten,53
Nauru,30
Gibraltar,29
Cocos (Keeling) Islands,22
Vatican City,9
Tuvalu,8